{

    "overlay-color1"    : "rgba(218, 125, 80, 0.72)",
    "overlay-color2"    : "rgba(255, 235, 59, 0.4)",
    "heatmap-background": false,

    "gear-icon-color"   :" rgba(157, 15, 107,1)",
    "buttons-color"     : "rgba(134, 32, 0,1)", 
    "buttons-label-color"  : "rgba(255, 255, 255,1)", 
    "bottombar-color"   : "rgba(203, 173, 128,1)",
    "topbar-color"      : "rgba(203, 173, 128,1)" , 
    "topbar-position"   : "left",


    "large-areas-color"     : "rgba(255, 152, 0, 0.25)",
    "decks-border-color"    : "rgba(255, 152, 0, 0.25)",
    "decks-font-color"      : "rgba(255, 255, 255,1)",
    "decks-font-size"        :"12x",
    "decks-font-family"        :"inherit",
    "decks-font-src"        :"",
    "filtered-deck-color"   : "rgba(59, 84, 208,1)",
    
    "DECK-BROWSER": {

                
        "review-count-background-color" : " rgba(76, 175, 80,1)",
        "review-count-color" : "rgb(255, 255, 255,1)",
        "new-count-background-color" : "rgba(63, 81, 181,1)",
        "new-count-color" : "rgb(255, 255, 255,1)",


        "wedgits-font-size"     :"13px",
        "wedgits-font-family"   :"Raleway",
        "wedgits-font-src"      :"Raleway.ttf",
        "wedgits-font-color"    : "rgba(238, 238, 238,1)" ,


        "overview-wedgit-bg"    : "rgba(126, 87, 194, 0.8)" ,
        "average-wedgit-bg"     : " rgba(239, 83, 80,0.8)" ,
        "remaining-wedgit-bg"   : "rgba(198, 40, 40,0.8)" ,
        "new-wedgit-bg"         : "rgba(48, 63, 159,0.8)" ,
        "due-wedgit-bg"         : "rgba(120, 144, 156,0.8)" ,
        "total-wedgit-bg"       : "rgba(159, 48, 94,0.8)" 

    } ,
    "DECK-OVERVIEW" :{


        "deck-name-font-size":"70px",
        "deck-name-font-family":"fantasy",
        "deck-name-font-src"        :"",

        "wedgits-font-size"     :"13px",
        "wedgits-font-family"   :"Raleway",
        "wedgits-font-src"      :"Raleway.ttf",
        "wedgits-font-color"    : "rgba(255, 255, 255,1)",


        "total-notes-wedgit-bg" : "rgba(126, 87, 194, 0.8)" ,
        "remaining-wedgit-bg"   : "rgba(198, 40, 40,0.8)" ,
        "new-wedgit-bg"         : "rgba(48, 63, 159,0.8)" ,
        "learning-wedgit-bg"    : "rgba(120, 144, 156,0.8)" ,
        "review-wedgit-bg"      : " rgba(239, 83, 80,0.8)",
        "total-wedgit-bg"       : "rgba(159, 48, 94,0.8)" ,



    
    "PIE-CHART":{
        "wedgits-font-color" : "rgba(48, 63, 159,1)"
    }
    }

}